{
  "t_foam": 14.0,
  "h": 35.0,
  "b": 20.0,
  "t_flange": 1.2600000000000002,
  "t_side": 0.56,
  "t_web": 0.56,
  "flange_layup": [
    0,
    0,
    45,
    -45,
    90,
    -45,
    45,
    0,
    0
  ],
  "web_layup": [
    0,
    45,
    -45,
    0
  ],
  "mass": 75.65777856,
  "max_deflection": 3.5438438379294994,
  "EI": 2142800401.8474667,
  "stiffness": 2142800.401847467,
  "mass_flange": 35.61,
  "mass_core": 14.35,
  "mass_side": 25.7
}